lat,lng,ST_NAME,ADDRESS,label_type
41.998389034393,-87.68123712460027,SEELEY,6415 N SEELEY AVE,Obstruction
42.01388276655023,-87.68066446876068,DAMEN,7248 N DAMEN AVE,Obstruction
42.010838363088894,-87.68944780286735,ESTES,2333 W ESTES AVE,MissingTactileStrip
42.00875039442421,-87.68949197393577,LUNT,2334 W LUNT AVE,MissingTactileStrip
42.00455547897846,-87.65821821915131,COLUMBIA,1057 W COLUMBIA AVE,MissingCurbRamp
42.00621874009954,-87.67812917946088,FARWELL,1901 W FARWELL AVE,MissingTactileStrip
42.016661218725346,-87.68764531603163,OAKLEY,7432-7434 N OAKLEY AVE,Obstruction
41.998255965200784,-87.66364047591131,DEVON,1314 W DEVON AVE,MissingTactileStrip
42.00912258861611,-87.67303438245843,LUNT,1701 W LUNT AVE,MissingTactileStrip
42.018287216647735,-87.66704776402263,BIRCHWOOD,1426 W BIRCHWOOD AVE,MissingTactileStrip
41.99978084682575,-87.68187287784829,ARTHUR,2042 W ARTHUR AVE,SurfaceProblem
42.01895974964708,-87.68882331540085,CLAREMONT,7551 N CLAREMONT AVE,MissingCurbRamp
42.01407690630654,-87.66328738458252,CHASE,1234 W CHASE AVE,Obstruction
42.01755943292407,-87.67178289609849,ROGERS,7475 N ROGERS AVE,MissingCurbRamp
42.00711407567977,-87.68732458050005,MORSE,2235 W MORSE AVE,MissingTactileStrip
42.010045936368655,-87.67617102734832,GREENLEAF,1805 W GREENLEAF AVE,SurfaceProblem
42.012100266799074,-87.68468937505637,TOUHY,2141 W TOUHY AVE,SurfaceProblem
42.00663254731139,-87.66231860306925,,-,MissingCurbRamp
42.01955440163295,-87.66850200346946,GREENVIEW,7600 N GREENVIEW AVE,Obstruction
42.012130730622765,-87.68725837629421,TOUHY,2229 W TOUHY AVE,MissingCurbRamp
42.014253382746205,-87.67477025946016,CLARK,7353 N CLARK ST,MissingCurbRamp
42.001855149295395,-87.68040208026117,DAMEN,6610 N DAMEN AVE,MissingCurbRamp
41.999592573445526,-87.68098510565946,ARTHUR,2019 W ARTHUR AVE,Obstruction
42.018090996532365,-87.66655777524062,BIRCHWOOD,1419 W BIRCHWOOD AVE,MissingCurbRamp
41.99902010757977,-87.68517979802716,LEAVITT,6436-6442 N LEAVITT ST,MissingTactileStrip
41.998772341157135,-87.66417553524884,WAYNE,6419 N WAYNE AVE,MissingCurbRamp
42.01253640894043,-87.68875831116813,TOUHY,2322 W TOUHY AVE,Obstruction
42.012436125459885,-87.68354240229054,RIDGE,7200 N RIDGE BLVD,SurfaceProblem
42.01068522419581,-87.68234338769645,RIDGE,7065 N RIDGE BLVD,SurfaceProblem
42.000422886727065,-87.67492966593129,ARTHUR,1777 W ARTHUR AVE,Obstruction
41.99894300045433,-87.66201115938235,MAGNOLIA,6424 N MAGNOLIA AVE,MissingCurbRamp
42.00690393767671,-87.66020492638577,FARWELL,1152 W FARWELL AVE,Obstruction
42.01246730849422,-87.67748230441683,TOUHY,1839 W TOUHY AVE,MissingCurbRamp
42.00028822258592,-87.66524997322506,ARTHUR,1353 W ARTHUR AVE,MissingTactileStrip
42.01086761569629,-87.688786913281,ESTES,2315 W ESTES AVE,SurfaceProblem
42.010963284153235,-87.68659892641388,ESTES,2211 W ESTES AVE,Obstruction
42.00202318125079,-87.67036280321801,ASHLAND,6609 N ASHLAND AVE,Obstruction
42.010136711351734,-87.67101525477297,GREENLEAF,1621 W GREENLEAF AVE,MissingTactileStrip
42.0191662645872,-87.664991423343,HOWARD,1337 W HOWARD ST,SurfaceProblem
42.00300446327993,-87.6706615911811,ASHLAND,6642 N ASHLAND AVE,Obstruction
41.999711930533444,-87.68597762935022,ARTHUR,2226 W ARTHUR AVE,MissingTactileStrip
42.00181882850393,-87.67843870930055,RIDGE,6567 N RIDGE BLVD,Obstruction
42.01873685625988,-87.68638190144955,BELL,7545 N BELL AVE,Obstruction
42.010179524205896,-87.66850788383022,GREENLEAF,1511 W GREENLEAF AVE,MissingCurbRamp
42.006536439172834,-87.66538373818074,WAYNE,6832 N WAYNE AVE,MissingCurbRamp
42.01782933994578,-87.68105795923252,BIRCHWOOD,2011 W BIRCHWOOD AVE,MissingCurbRamp
42.017307880828085,-87.66582878201257,SHERIDAN,7400 N SHERIDAN RD,Obstruction
42.01411529223517,-87.68160979515565,CHASE,2026 W CHASE AVE,MissingCurbRamp
42.00893770952745,-87.66953675508071,ASHLAND,6977 N ASHLAND BLVD,Obstruction
41.99786367937692,-87.6880075488493,DEVON,2312 W DEVON AVE,Obstruction
41.99893713467117,-87.6678455692751,GREENVIEW,6427 N GREENVIEW AVE,MissingTactileStrip
42.01712371063715,-87.67527194677696,CLARK,7459 N CLARK ST,MissingTactileStrip
42.01687516265063,-87.66834232029272,FARGO,1501 W FARGO AVE,Obstruction
42.00663814833053,-87.67610481440514,FARWELL,1806 W FARWELL AVE,MissingCurbRamp
42.009824998098885,-87.68719554204624,GREENLEAF,2229 W GREENLEAF AVE,MissingTactileStrip
42.001583981967684,-87.67286575048858,ALBION,1711 W ALBION AVE,MissingTactileStrip
42.01619898131402,-87.6900115099209,WESTERN,7419 N WESTERN AVE,MissingTactileStrip
42.00364049145752,-87.67287815532465,CLARK,6700 N CLARK ST,MissingCurbRamp
41.99873821402382,-87.66784050342218,GREENVIEW,6415-6423 N GREENVIEW AVE,MissingCurbRamp
42.00892131619276,-87.67052458640337,LUNT,1605 W LUNT AVE,Obstruction
42.02225493934147,-87.67200269388832,MARSHFIELD,7736 N MARSHFIELD AVE,MissingTactileStrip
42.002741496840365,-87.67191716414332,CLARK,6637 N CLARK ST,MissingTactileStrip
42.01919849521324,-87.66895163319201,HOWARD,1511 W HOWARD ST,Obstruction
42.008230920022086,-87.68139586830284,RIDGE,6963 N RIDGE BLVD,SurfaceProblem
42.00336827455576,-87.67501173975425,NORTH SHORE,1767 W NORTH SHORE AVE,MissingCurbRamp
42.0138051248505,-87.66518587327698,CHASE,1329 W CHASE AVE,MissingTactileStrip
42.00695510028098,-87.66801729434556,FARWELL,1500 W FARWELL AVE,SurfaceProblem
42.00025292438834,-87.66936472379463,BOSWORTH,6506 N BOSWORTH AVE,Obstruction
42.02218497073912,-87.6657637695699,EASTLAKE,7744 N EASTLAKE TER,MissingCurbRamp
41.999323715235995,-87.67729018317068,RIDGE,6449 N RIDGE BLVD,Obstruction
42.01753975910668,-87.66832875466874,GREENVIEW,7450 N GREENVIEW AVE,SurfaceProblem
42.01247150098792,-87.6851214103778,HAMILTON,7204 N HAMILTON AVE,Obstruction
42.00657663559395,-87.67966292538101,FARWELL,1940 W FARWELL AVE,SurfaceProblem
42.01145282085151,-87.67895798065817,ESTES,1918 W ESTES AVE,SurfaceProblem
42.01455212300788,-87.67809659615884,ROGERS,7341 N ROGERS AVE,SurfaceProblem
41.998919168527486,-87.68152741742622,SEELEY,6434 N SEELEY AVE,SurfaceProblem
42.01109779744058,-87.68350789861634,ESTES,2079 W ESTES AVE,SurfaceProblem
42.005277587014405,-87.66341872844491,PRATT,1263 W PRATT BLVD,Obstruction
42.007549648104934,-87.67979052244635,MORSE,1945 W MORSE AVE,SurfaceProblem
41.99833942482779,-87.68638113492293,BELL,6416 N BELL AVE,SurfaceProblem
42.01456057683256,-87.674821254481,CLARK,7361 N CLARK ST,SurfaceProblem
42.01422650084267,-87.68724718941097,OAKLEY,7301 N OAKLEY AVE,Obstruction
41.99848639609831,-87.68732775127641,OAKLEY,6423 N OAKLEY AVE,Obstruction
41.99958508409292,-87.67741082963896,RIDGE,6451 N RIDGE BLVD,MissingTactileStrip
42.0117682214056,-87.69003997529742,WESTERN,7127 N WESTERN AVE,MissingTactileStrip
42.00634352355586,-87.67911457094003,FARWELL,1927 W FARWELL AVE,Obstruction
42.0001900948657,-87.67993462717614,DAMEN,6511 N DAMEN AVE,MissingCurbRamp
42.00875298800443,-87.68029052859191,LUNT,1959 W LUNT AVE,SurfaceProblem
42.01306417406407,-87.68484628170022,HAMILTON,7227 N HAMILTON AVE,MissingTactileStrip
42.00742000818235,-87.66171278829268,SHERIDAN,6920 N SHERIDAN RD,Obstruction
42.0019034507751,-87.66662848743378,NEWGARD,6601 N NEWGARD AVE,Obstruction
42.00623692622387,-87.67781774412991,WOLCOTT,6835 N WOLCOTT AVE,MissingTactileStrip
42.00597030669303,-87.68069522677861,RIDGE,6826 N RIDGE BLVD,MissingTactileStrip
42.02261488796001,-87.67240300180336,JUNEWAY,1644 W JUNEWAY TER,SurfaceProblem
42.01921190971982,-87.68148400074982,HOWARD,2017 W HOWARD ST,MissingCurbRamp
41.99967633966937,-87.68816859953377,ARTHUR,2310 W ARTHUR AVE,SurfaceProblem
42.000728529992706,-87.66695468644791,NEWGARD,6524 N NEWGARD AVE,MissingCurbRamp
42.004472966995756,-87.67503698432559,COLUMBIA,1758 W COLUMBIA AVE,MissingCurbRamp
42.00254095678229,-87.66412565953334,ALBION,1310 W ALBION AVE,Obstruction
42.01804822724465,-87.66921373750274,BIRCHWOOD,1525 W BIRCHWOOD AVE,MissingTactileStrip
42.004280056652085,-87.6744266650215,COLUMBIA,1745 W COLUMBIA AVE,Obstruction
42.01125251327113,-87.68552609845665,ESTES,2136 W ESTES AVE,SurfaceProblem
42.01253281276039,-87.68512060147594,HAMILTON,7206 N HAMILTON AVE,MissingCurbRamp
42.01259532489371,-87.68485243327595,HAMILTON,7211 N HAMILTON AVE,MissingTactileStrip
42.015941376441674,-87.66739103624903,JARVIS,1431 W JARVIS AVE,SurfaceProblem
42.00458006707131,-87.66439826320587,COLUMBIA,1318 W COLUMBIA AVE,Obstruction
42.010051017320464,-87.68759816847144,GREENLEAF,2238 W GREENLEAF AVE,MissingCurbRamp
42.010280329501356,-87.67656803966771,GREENLEAF,1818 W GREENLEAF AVE,SurfaceProblem
42.01994222737272,-87.6720451265982,MARSHFIELD,7616 N MARSHFIELD AVE,Obstruction
42.00850258537056,-87.67593149290755,,-,SurfaceProblem
42.00712276291004,-87.68689646175173,MORSE,2213 W MORSE AVE,Obstruction
42.0087181249693,-87.68138294868871,RIDGE,6979 N RIDGE BLVD,MissingTactileStrip
42.006817912376206,-87.67588008156507,FARWELL,1800 W FARWELL AVE,SurfaceProblem
42.01239502213457,-87.68142586496316,TOUHY,2029 W TOUHY AVE,MissingCurbRamp
42.00031725216627,-87.66246671327713,ARTHUR,1243 W ARTHUR AVE,Obstruction
42.00651187832548,-87.66920034900626,FARWELL,1529-1537 W FARWELL AVE,MissingCurbRamp
42.01048968084555,-87.66437837282811,GREENLEAF,1344-1346 W GREENLEAF AVE,Obstruction
41.998302790961255,-87.6708782471366,CLARK,6404 N CLARK ST,Obstruction
42.017025779708824,-87.68764164567622,OAKLEY,7446 N OAKLEY AVE,SurfaceProblem
42.00052188110658,-87.66694801736655,NEWGARD,6516 N NEWGARD AVE,MissingTactileStrip
42.00427073813505,-87.67503150279913,COLUMBIA,1759 W COLUMBIA AVE,MissingCurbRamp
42.010074870926545,-87.66564783230096,GREENLEAF,1373 W GREENLEAF AVE,Obstruction
42.007352055743375,-87.68568736794485,MORSE,2144 W MORSE AVE,MissingTactileStrip
41.99867466969557,-87.68611599878702,BELL,6429 N BELL AVE,Obstruction
42.01036844771356,-87.67151945804602,GREENLEAF,1634 W GREENLEAF AVE,SurfaceProblem
42.0014634327931,-87.65796505733158,LOYOLA,1039 W LOYOLA AVE,SurfaceProblem
42.008914002898145,-87.6709708758087,LUNT,1621 W LUNT AVE,Obstruction
41.99907318860449,-87.67268161496195,PAULINA,6432 N PAULINA ST,MissingTactileStrip
42.01550521768897,-87.68650023598113,BELL,7346 N BELL AVE,Obstruction
42.00030446628077,-87.6636864716845,ARTHUR,1311 W ARTHUR AVE,MissingCurbRamp
42.00656295225167,-87.6810064053596,FARWELL,2000 W FARWELL AVE,MissingTactileStrip
42.01119857924682,-87.6796399529392,ESTES,1937 W ESTES AVE,Obstruction
42.00029453010215,-87.66814770278226,GREENVIEW,6508 N GREENVIEW AVE,MissingTactileStrip
42.01048388267675,-87.66474578080796,GREENLEAF,1354-1356 W GREENLEAF AVE,Obstruction
42.00779805283105,-87.6794715171492,MORSE,1936 W MORSE AVE,MissingCurbRamp
42.01453677639837,-87.69002722736516,WESTERN,7313 N WESTERN AVE,MissingCurbRamp
42.0054018411085,-87.67633800616153,PRATT,1818 W PRATT BLVD,MissingCurbRamp
42.00996712578731,-87.68058782203171,GREENLEAF,2007 W GREENLEAF AVE,MissingTactileStrip
42.0102460259181,-87.66435206562107,GREENLEAF,1345-1347 W GREENLEAF AVE,SurfaceProblem
42.00698192818762,-87.67335813160102,CLARK,6919 N CLARK ST,MissingCurbRamp
41.999152304553505,-87.68153449541575,SEELEY,6442 N SEELEY AVE,Obstruction
42.003046278500776,-87.66944848382197,BOSWORTH,6642 N BOSWORTH AVE,Obstruction
42.01504336866572,-87.68739057841606,OAKLEY,7331 N OAKLEY AVE,Obstruction
42.00901251315454,-87.67919780588507,LUNT,1928 W LUNT AVE,SurfaceProblem
42.0005206802588,-87.67996838208244,RIDGE,6730 N RIDGE BLVD,MissingCurbRamp
42.00147107501404,-87.65739237934517,LOYOLA,1033 W LOYOLA AVE,Obstruction
42.0172942771704,-87.66835109253248,FARGO,1502 W FARGO AVE,SurfaceProblem
42.000112390708736,-87.6665399226934,NEWGARD,6503-6509 N NEWGARD AVE,MissingCurbRamp
42.01783699758276,-87.68215311871899,BIRCHWOOD,2043 W BIRCHWOOD AVE,Obstruction
42.01253673085108,-87.6736669063135,TOUHY,1729 W TOUHY AVE,SurfaceProblem
42.00473035010318,-87.6600705253069,COLUMBIA,1140 W COLUMBIA AVE,MissingCurbRamp
42.015060174679554,-87.66963453347208,SHERWIN,1538 W SHERWIN AVE,MissingTactileStrip
41.999466280587235,-87.6690732117913,BOSWORTH,6447 N BOSWORTH AVE,Obstruction
42.01383092822976,-87.67700365110811,CHASE,1830 W CHASE AVE,MissingTactileStrip
42.00536139373486,-87.66408137237542,PRATT,1309 W PRATT BLVD,MissingTactileStrip
42.02215799817594,-87.66911853333279,JUNEWAY,1521 W JUNEWAY TER,MissingCurbRamp
42.01314371350987,-87.68902749109648,CLAREMONT,7220-7230 N CLAREMONT AVE,SurfaceProblem
42.011214535153435,-87.67875076619178,ESTES,1913 W ESTES AVE,SurfaceProblem
42.01371921121993,-87.66359278842965,SHERIDAN,7219 N SHERIDAN RD,MissingCurbRamp
42.007093239560774,-87.68121235655187,RIDGE,6916 N RIDGE BLVD,SurfaceProblem
42.00469453718227,-87.67070826773781,ASHLAND,6738 N ASHLAND AVE,SurfaceProblem
42.0121492032315,-87.68873319274795,TOUHY,2329 W TOUHY AVE,SurfaceProblem
42.00635140676295,-87.67866617797993,FARWELL,1917 W FARWELL AVE,MissingCurbRamp
41.999214116087586,-87.66690813166107,NEWGARD,6434 N NEWGARD AVE,SurfaceProblem
42.008934844743,-87.66970066071326,ASHLAND,6977 N ASHLAND BLVD,Obstruction
42.00904793209247,-87.66308072736382,LUNT,1215-1227 W LUNT AVE,MissingCurbRamp
42.01289281711685,-87.66683751084108,TOUHY,1418 W TOUHY AVE,MissingTactileStrip
42.01041113946708,-87.66914329559822,GREENLEAF,1528 W GREENLEAF AVE,Obstruction
42.006380834719764,-87.68874328226417,FARWELL,2314 W FARWELL AVE,Obstruction
42.00269880091917,-87.67295581795283,WALLEN,1706 W WALLEN AVE,SurfaceProblem
42.00456111154238,-87.65779751528699,COLUMBIA,1051 W COLUMBIA AVE,MissingCurbRamp
41.93531876216513,-87.78936215841446,NEENAH,3021 N NEENAH AVE,Obstruction
41.9321327662458,-87.70786733894006,DIVERSEY,3208 W DIVERSEY AVE,Obstruction
41.989869282787105,-87.78980749275883,NEWBURG,6002 N NEWBURG AVE,MissingTactileStrip
42.015827587472636,-87.68034200701089,DAMEN,7363 N DAMEN AVE,MissingTactileStrip
42.00800446955893,-87.66725750183541,MORSE,1434 W MORSE AVE,MissingCurbRamp
42.013590080516444,-87.6788751783297,CHASE,1915 W CHASE AVE,MissingTactileStrip
42.00805182206459,-87.66466277195036,MORSE,1322 W MORSE AVE,SurfaceProblem
42.0072117569979,-87.6826376219419,MORSE,2037 W MORSE AVE,MissingTactileStrip
42.01107958084476,-87.68989826566978,WESTERN,7101 N WESTERN AVE,Obstruction
42.000450889356436,-87.67338579363809,ARTHUR,1737 W ARTHUR AVE,Obstruction
42.01233938062307,-87.68419055553022,TOUHY,2130 W TOUHY AVE,Obstruction
42.008265644005306,-87.66771404864011,GREENVIEW,6957 N GREENVIEW AVE,Obstruction
42.006594989084846,-87.67861761637346,FARWELL,1914 W FARWELL AVE,Obstruction
42.012583878363124,-87.68300508227557,ROGERS,7200 N ROGERS AVE,Obstruction
42.010099889337965,-87.67307510131467,GREENLEAF,1719 W GREENLEAF AVE,MissingTactileStrip
42.014117700801656,-87.68183975866924,CHASE,2032 W CHASE AVE,SurfaceProblem
42.02215946947251,-87.6692657228131,JUNEWAY,1527 W JUNEWAY TER,MissingTactileStrip
42.012725049844605,-87.67647591277456,TOUHY,1818 W TOUHY AVE,MissingCurbRamp
42.0076447713565,-87.66385361227688,LAKEWOOD,6928 N LAKEWOOD AVE,MissingCurbRamp
42.01357721977429,-87.67953801178837,CHASE,1933 W CHASE AVE,Obstruction
42.01144957120765,-87.67914203586156,ESTES,1922 W ESTES AVE,MissingTactileStrip
42.01655807996552,-87.66543746984945,SHERIDAN,7414 N SHERIDAN RD,SurfaceProblem
42.01380666977819,-87.66509475153416,CHASE,1327 W CHASE AVE,SurfaceProblem
42.0038748491275,-87.66947305767836,BOSWORTH,6706 N BOSWORTH AVE,MissingTactileStrip
42.010195498758975,-87.66277541863978,SHERIDAN,7032 N SHERIDAN RD,MissingCurbRamp
41.99935867810408,-87.67119179319621,CLARK,6516 N CLARK ST,SurfaceProblem
42.0139131449027,-87.68179097491674,CHASE,2031 W CHASE AVE,MissingCurbRamp
42.01577018830301,-87.68783398406333,JARVIS,2300-2306 W JARVIS AVE,MissingTactileStrip
42.01780819340546,-87.68021865290926,DAMEN,7429 N DAMEN AVE,MissingTactileStrip
42.01858844609784,-87.67750445793453,WOLCOTT,7523 N WOLCOTT AVE,SurfaceProblem
42.02138418669471,-87.66513306914472,EASTLAKE,7723 N EASTLAKE TER,MissingTactileStrip
42.011465290945914,-87.66431955867834,ESTES,1329 W ESTES AVE,SurfaceProblem
42.02216535330662,-87.66985479533021,JUNEWAY,1543 W JUNEWAY TER,SurfaceProblem
42.00262045176621,-87.6667429610093,NEWGARD,6627 N NEWGARD AVE,MissingTactileStrip
42.011423549373546,-87.66676792144239,ESTES,1419 W ESTES AVE,SurfaceProblem
42.01386182062056,-87.68034223031573,DAMEN,7247 N DAMEN AVE,Obstruction
42.01147142478281,-87.67782207871805,ESTES,1848 W ESTES AVE,MissingTactileStrip
42.01954481594891,-87.66592386851957,SHERIDAN,7607 N SHERIDAN RD,SurfaceProblem
42.004370010222175,-87.66480505246489,COLUMBIA,1327 W COLUMBIA AVE,Obstruction
42.01950781517414,-87.67219116607322,HOWARD,1632 W HOWARD ST,SurfaceProblem
42.006862172483444,-87.66289493643025,FARWELL,1236-1240 W FARWELL AVE,MissingCurbRamp
42.00682519628626,-87.66535409492379,FARWELL,1336 W FARWELL AVE,Obstruction
42.010893740312554,-87.67799238615476,WOLCOTT,7067 N WOLCOTT AVE,SurfaceProblem
42.011004808966845,-87.68006187494731,ESTES,1949 W ESTES AVE,MissingTactileStrip
42.01596629158761,-87.66593639825356,JARVIS,1345 W JARVIS AVE,MissingTactileStrip
42.00410276563143,-87.6816749248787,SEELEY,6724-6726 N SEELEY AVE,MissingTactileStrip
41.99865092906487,-87.68733277411843,OAKLEY,6429 N OAKLEY AVE,Obstruction
42.014866435417105,-87.66667584225443,SHERWIN,1413 W SHERWIN AVE,MissingTactileStrip
42.021491942202324,-87.67319002474163,PAULINA,7706 N PAULINA ST,MissingTactileStrip
42.01356056696869,-87.67219337306996,CHASE,1645 W CHASE AVE,Obstruction
42.002485937368554,-87.6734429275205,WALLEN,1717 W WALLEN AVE,MissingCurbRamp
42.006627974923035,-87.67670417097422,FARWELL,1822 W FARWELL AVE,MissingCurbRamp
42.00876865651239,-87.67937061510469,LUNT,1933 W LUNT AVE,Obstruction
41.99906407011678,-87.68734499743681,OAKLEY,6445 N OAKLEY AVE,MissingTactileStrip
42.00690842214304,-87.66110120866847,FARWELL,1170 W FARWELL AVE,SurfaceProblem
42.011340189768525,-87.67173888105208,ESTES,1639 W ESTES AVE,MissingTactileStrip
42.01257651007506,-87.67109950748484,TOUHY,1621 W TOUHY AVE,Obstruction
41.99910014936701,-87.66886859270343,SCHREIBER,1516-1524 W SCHREIBER AVE,MissingCurbRamp
42.0138964537832,-87.67378419538646,CHASE,1732 W CHASE AVE,MissingTactileStrip
42.006823489827156,-87.68074722179689,RIDGE,6909 N RIDGE BLVD,MissingTactileStrip
42.01527086153948,-87.68995261711574,WESTERN,7341 N WESTERN AVE,Obstruction
42.00087774904747,-87.66911389459237,BOSWORTH,6531 N BOSWORTH AVE,MissingCurbRamp
42.00252643016215,-87.67083112535653,ASHLAND,6624 N ASHLAND AVE,Obstruction
42.019808052145144,-87.66646249151928,SHERIDAN,7618 N SHERIDAN RD,MissingCurbRamp
42.02124179437961,-87.66905457402636,JONQUIL,1518 W JONQUIL TER,SurfaceProblem
42.01744311766359,-87.6775137184549,WOLCOTT,7427 N WOLCOTT AVE,Obstruction
42.00453262500801,-87.65969439420117,COLUMBIA,1133 W COLUMBIA AVE,SurfaceProblem
42.01256777880131,-87.67159700237976,TOUHY,1635 W TOUHY AVE,Obstruction
42.00151066843606,-87.66204049958745,LOYOLA,1226 W LOYOLA AVE,MissingCurbRamp
42.019130761094075,-87.66721542875041,HOWARD,1427 W HOWARD ST,MissingCurbRamp
42.01734122831581,-87.66509054871604,SHERIDAN,7445 N SHERIDAN RD,Obstruction
42.000365403274486,-87.67031708886154,ASHLAND,6515 N ASHLAND AVE,MissingCurbRamp
42.002465859270224,-87.67454534776543,WALLEN,1747 W WALLEN AVE,MissingTactileStrip
42.01787358148461,-87.68883405337588,CLAREMONT,7511 N CLAREMONT AVE,MissingTactileStrip
42.00692414503746,-87.66484268221761,FARWELL,1328 W FARWELL AVE,Obstruction
42.00572087446554,-87.68023742140913,RIDGE,6815 N RIDGE BLVD,MissingCurbRamp
42.014544718123794,-87.68901332769852,CLAREMONT,7314 N CLAREMONT AVE,MissingCurbRamp
42.013781966693514,-87.68063308539773,DAMEN,7244 N DAMEN AVE,MissingCurbRamp
42.00637586671539,-87.67720335810326,FARWELL,1837 W FARWELL AVE,MissingTactileStrip
42.00547726915806,-87.67179339662833,PRATT,1644 W PRATT BLVD,MissingTactileStrip
42.018084801221406,-87.67886873446068,BIRCHWOOD,1928-1930 W BIRCHWOOD AVE,SurfaceProblem
42.011776317141205,-87.66775097081371,ESTES,1446 W ESTES AVE,Obstruction
42.00399784888835,-87.67041859518264,ASHLAND,6711 N ASHLAND AVE,Obstruction
42.01805837043417,-87.68910255338567,CLAREMONT,7518 N CLAREMONT AVE,MissingCurbRamp
42.004505617911626,-87.67199326799543,COLUMBIA,1630-1636 W COLUMBIA AVE,MissingCurbRamp
42.011516135828444,-87.67536033849291,CLARK,7124 N CLARK ST,MissingCurbRamp
42.01491873654081,-87.66362233577495,SHERWIN,1219 W SHERWIN AVE,MissingTactileStrip
42.01165793794023,-87.66738192511863,ESTES,1434 W ESTES AVE,MissingTactileStrip
42.00544853880198,-87.65898711767302,PRATT,1111 W PRATT BLVD,SurfaceProblem
42.00249441599477,-87.6576629991913,ALBION,1043 W ALBION AVE,MissingTactileStrip
42.00453033378489,-87.65984855888838,COLUMBIA,1137 W COLUMBIA AVE,MissingTactileStrip
42.02215280702073,-87.66852992683982,JUNEWAY,1505 W JUNEWAY TER,MissingTactileStrip
42.01845885856729,-87.67039740763377,ROGERS,7512 N ROGERS AVE,SurfaceProblem
42.00210126363397,-87.66547210445525,GLENWOOD,6569-6571 N GLENWOOD AVE,Obstruction
42.001370299644414,-87.66697499434457,NEWGARD,6548 N NEWGARD AVE,Obstruction
42.00677735671128,-87.67515799897659,FARWELL,1744 W FARWELL AVE,MissingCurbRamp
42.014777398416925,-87.67167724692659,SHERWIN,1629 W SHERWIN AVE,MissingTactileStrip
42.00947465552428,-87.6819134734106,RIDGE,7019-7021 N RIDGE BLVD,MissingCurbRamp
42.01652516301618,-87.68764668589115,OAKLEY,7428 N OAKLEY AVE,Obstruction
42.014331880714664,-87.68395682780583,RIDGE,7306 N RIDGE BLVD,MissingCurbRamp
42.00037650190483,-87.66936844256965,BOSWORTH,6512 N BOSWORTH AVE,MissingTactileStrip
42.002068902825336,-87.67855373816066,RIDGE,6633 N RIDGE BLVD,Obstruction
42.0121072261551,-87.68524104917657,TOUHY,2157 W TOUHY AVE,Obstruction
42.013812352185944,-87.6785972338715,CHASE,1908-1914 W CHASE AVE,MissingTactileStrip
42.003407366724446,-87.66317550659419,NORTH SHORE,1259 W NORTH SHORE AVE,MissingTactileStrip
42.01464210347857,-87.68509462570614,HAMILTON,7318 N HAMILTON AVE,SurfaceProblem
42.01320655030759,-87.68356374064034,RIDGE,7230 N RIDGE BLVD,MissingTactileStrip
42.01885194730792,-87.67918203957628,WINCHESTER,7530 N WINCHESTER AVE,MissingTactileStrip
42.022266044601565,-87.67525560809136,,-,SurfaceProblem
41.99897847605052,-87.66296182891304,LAKEWOOD,6427 N LAKEWOOD AVE,SurfaceProblem
42.009026132718155,-87.6643276867117,LUNT,1311 W LUNT AVE,Obstruction
42.01093783054006,-87.68717675438478,ESTES,2227 W ESTES AVE,MissingCurbRamp
42.005355532467796,-87.66444734114096,PRATT,1319 W PRATT BLVD,SurfaceProblem
42.02129202780095,-87.67218178353768,MARSHFIELD,7700 N MARSHFIELD AVE,SurfaceProblem
42.01339629663853,-87.6887578078185,CLAREMONT,7237 N CLAREMONT AVE,SurfaceProblem
41.99053651224272,-87.74189414003469,FOREST GLEN,6031 N FOREST GLEN AVE,MissingTactileStrip
41.965728616069526,-87.70283026221243,EASTWOOD,2944 W EASTWOOD AVE,MissingCurbRamp
41.96827036700951,-87.70705016383053,LAWRENCE,3119 W LAWRENCE AVE,Obstruction
41.92625585474148,-87.69271423352245,ROCKWELL,2446 N ROCKWELL ST,Obstruction
41.98529723564019,-87.81827622485014,ARDMORE,7636 W ARDMORE AVE,SurfaceProblem
41.966155705306186,-87.8416123542158,DELPHIA,4739 N DELPHIA AVE,Obstruction
41.963335486561554,-87.8457704432151,FORESTVIEW,4615 N FORESTVIEW AVE,SurfaceProblem
41.94284794912474,-87.82977947032602,FOREST PRESERVE,8121 W FOREST PRESERVE AVE,SurfaceProblem
41.93786432989412,-87.81486328235599,BELMONT,7517 W BELMONT AVE,SurfaceProblem
41.98751686017679,-87.81816183818728,OTTAWA,5916 N OTTAWA AVE,SurfaceProblem
41.97409199657433,-87.75538816452827,WINONA,5101 W WINONA ST,SurfaceProblem
41.960986459296265,-87.78424577448358,MOBILE,4423 N MOBILE AVE,MissingTactileStrip
42.01377535928503,-87.69938099821414,CHASE,2753 W CHASE AVE,MissingCurbRamp
41.998005944597374,-87.81809505429216,OLYMPIA,6450 N OLYMPIA AVE,MissingCurbRamp
42.00816846794576,-87.77263893742435,TONTY,6989 N TONTY AVE,MissingTactileStrip
41.97893617979389,-87.71470425889653,BERNARD,5347 N BERNARD ST,Obstruction
42.01708056153566,-87.69269349656042,CAMPBELL,7440 N CAMPBELL AVE,MissingCurbRamp
42.00701041704586,-87.76713944012927,DOWAGIAC,6942 N DOWAGIAC AVE,Obstruction
41.94647720123252,-87.82803059585227,PAGE,3648 N PAGE AVE,MissingCurbRamp
41.952265721996504,-87.83362913462493,IRVING PARK,8246 W IRVING PARK RD,MissingTactileStrip
42.01722491610491,-87.81375869778151,OLCOTT,7505 N OLCOTT AVE,Obstruction
42.018148436121194,-87.8125283703219,OSCEOLA,7539 N OSCEOLA AVE,MissingTactileStrip
41.946153698714824,-87.81328693886374,OSCEOLA,3632 N OSCEOLA AVE,MissingTactileStrip
41.997331678170184,-87.81344007174903,OLCOTT,6403 N OLCOTT AVE,SurfaceProblem
42.00280922946781,-87.81433993476954,OXFORD,6729 N OXFORD AVE,MissingTactileStrip
41.944765703161266,-87.80588868064207,NEVA,3544 N NEVA AVE,SurfaceProblem
41.92178114411216,-87.71494113605068,LYNDALE,3531 W LYNDALE ST,MissingTactileStrip
41.94480970924781,-87.79609254386139,OAK PARK,3538 N OAK PARK AVE,MissingTactileStrip
41.96860754177816,-87.7159618100383,LAWRENCE,3500 W LAWRENCE AVE,Obstruction
41.95145989028147,-87.74814619329406,BYRON,4821 W BYRON ST,MissingCurbRamp
42.01779846138926,-87.6768023998143,BIRCHWOOD,1827 W BIRCHWOOD AVE,Obstruction
42.00134574499701,-87.66670490176217,NEWGARD,6549 N NEWGARD AVE,SurfaceProblem
42.02003547487769,-87.67295176735576,PAULINA,7619 N PAULINA ST,Obstruction
42.01822229581765,-87.68998933687936,WESTERN,7545 N WESTERN AVE,MissingCurbRamp
42.016497461923045,-87.67453540786546,ROGERS,7416 N ROGERS AVE,MissingTactileStrip
42.018283770365485,-87.68433761527862,RIDGE,7517 N RIDGE BLVD,MissingTactileStrip
42.00495891441913,-87.66106069960331,SHERIDAN,6750 N SHERIDAN RD,MissingTactileStrip
42.00065116689386,-87.67361072548175,ARTHUR,1738 W ARTHUR AVE,Obstruction
41.99806815034257,-87.68272867221542,DEVON,2102 W DEVON AVE,Obstruction
42.0123814364302,-87.68835836386594,TOUHY,2318 W TOUHY AVE,MissingTactileStrip
42.00508781679799,-87.67419464013474,PRATT,1735 W PRATT BLVD,SurfaceProblem
42.018225241800074,-87.68760807846384,OAKLEY,7525 N OAKLEY AVE,SurfaceProblem
42.0191749880616,-87.6641686129025,EASTLAKE,7513 N EASTLAKE TER,MissingCurbRamp
42.01575681427296,-87.68931520423966,JARVIS,2344 W JARVIS AVE,MissingTactileStrip
42.011305324537574,-87.68799654097086,ESTES,2248 W ESTES AVE,MissingCurbRamp
42.01947478713529,-87.67110204284364,ASHLAND,7600 N ASHLAND AVE,MissingCurbRamp
42.00783556299696,-87.6772217219848,MORSE,1836 W MORSE AVE,Obstruction
42.01036229689647,-87.67794476200432,GREENLEAF,1852 W GREENLEAF AVE,MissingTactileStrip
42.01374783249235,-87.66849475487281,CHASE,1507 W CHASE AVE,MissingCurbRamp
42.01823586707949,-87.68883031117828,CLAREMONT,7525 N CLAREMONT AVE,MissingCurbRamp
42.016058420779416,-87.67221039630134,JARVIS,1646 W JARVIS AVE,Obstruction
42.022160954574495,-87.66941294302978,JUNEWAY,1529 W JUNEWAY TER,MissingTactileStrip
42.001333949453674,-87.68158453010348,SEELEY,6557 N SEELEY AVE,Obstruction
42.02099045742217,-87.66696957097099,SHERIDAN,7658-7662 N SHERIDAN RD,Obstruction
42.00662562219682,-87.6768425760147,FARWELL,1826 W FARWELL AVE,Obstruction
42.01833203406662,-87.67069955910496,ROGERS,7502 N ROGERS AVE,MissingCurbRamp
42.00887268510765,-87.68674596592689,LUNT,2216 W LUNT AVE,Obstruction
41.99840934101891,-87.68245576941702,HOYNE,6415 N HOYNE AVE,SurfaceProblem
41.99853085038571,-87.68489859333017,LEAVITT,6423 N LEAVITT ST,Obstruction
42.009896221490465,-87.68196626471278,RIDGE,7029 N RIDGE BLVD,Obstruction
42.01930524459478,-87.67732689941631,WOLCOTT,7547 N WOLCOTT AVE,SurfaceProblem
42.00539943966898,-87.67648125247659,PRATT,1822 W PRATT BLVD,Obstruction
42.00581174872928,-87.67781637790476,WOLCOTT,6817 N WOLCOTT AVE,MissingCurbRamp
42.00381485233205,-87.6587483495116,NORTH SHORE,1108 W NORTH SHORE AVE,SurfaceProblem
42.01475338912451,-87.66829806457736,SHERWIN,1505 W SHERWIN AVE,SurfaceProblem
42.01351829308416,-87.68510721557132,HAMILTON,7240-7244 N HAMILTON AVE,SurfaceProblem
41.99879541374187,-87.66322614991246,LAKEWOOD,6418 N LAKEWOOD AVE,MissingTactileStrip
42.01390311966479,-87.68082822354812,CHASE,2009 W CHASE AVE,MissingCurbRamp
42.00128822525275,-87.66697249613378,NEWGARD,6544 N NEWGARD AVE,SurfaceProblem
42.007339393792996,-87.66127779766101,SHERIDAN,6919 N SHERIDAN RD,Obstruction
42.00707860973999,-87.68900979301719,MORSE,2323-2325 W MORSE AVE,SurfaceProblem
42.00427625731193,-87.67466863637864,COLUMBIA,1751 W COLUMBIA AVE,MissingTactileStrip
41.99974553143748,-87.66581285626215,GLENWOOD,6444-6458 N GLENWOOD AVE,MissingTactileStrip
42.00146672447651,-87.65772059457336,SHERIDAN,6447 N SHERIDAN RD,MissingTactileStrip
42.018962103144034,-87.6890937111733,CLAREMONT,7550 N CLAREMONT AVE,SurfaceProblem
42.00908337387304,-87.66096878929147,LUNT,1135 W LUNT AVE,SurfaceProblem
42.00155475585515,-87.67451992603674,ALBION,1755 W ALBION AVE,MissingCurbRamp
42.0150425541702,-87.68339210151795,JARVIS,2107-2109 W JARVIS AVE,MissingTactileStrip
42.019295557661415,-87.67451555860485,HOWARD,1731 W HOWARD ST,MissingTactileStrip
42.010534789162904,-87.66815632237193,GREENVIEW,7042-7054 N GREENVIEW AVE,MissingTactileStrip
41.99879730125328,-87.68611928176736,BELL,6431-6433 N BELL AVE,Obstruction
42.00064109383503,-87.67416337846674,ARTHUR,1752 W ARTHUR AVE,Obstruction
42.002695990926505,-87.6731178652307,WALLEN,1708 W WALLEN AVE,SurfaceProblem
41.998295292601206,-87.66819882924852,GREENVIEW,6404 N GREENVIEW AVE,Obstruction
42.01391660239671,-87.68212127084014,CHASE,2041 W CHASE AVE,MissingCurbRamp
42.00416612391808,-87.66830998936895,GREENVIEW,6721 N GREENVIEW AVE,MissingCurbRamp
42.00986107348455,-87.66251220301152,SHERIDAN,7014 N SHERIDAN RD,MissingTactileStrip
42.00915497982611,-87.67098040336207,LUNT,1620 W LUNT AVE,SurfaceProblem
42.01506943504439,-87.66908189115512,SHERWIN,1522 W SHERWIN AVE,MissingTactileStrip
42.00734073289695,-87.66487956319267,WAYNE,6919 N WAYNE AVE,MissingTactileStrip
42.01989948248213,-87.66736977814699,ROGERS,7620 N ROGERS AVE,SurfaceProblem
42.00299309994187,-87.6679578673851,GREENVIEW,6641 N GREENVIEW AVE,MissingTactileStrip
42.00020077159837,-87.67031252553734,ASHLAND,6509 N ASHLAND AVE,Obstruction
42.008148839640185,-87.68305739224826,HAMILTON,6959 N HAMILTON AVE,SurfaceProblem
41.999272726945854,-87.67761079056652,RIDGE,6450 N RIDGE BLVD,Obstruction
42.01270774954758,-87.6825170610982,ROGERS,7216 N ROGERS AVE,MissingCurbRamp
42.00034484571304,-87.68252292554354,HOYNE,6521-6523 N HOYNE AVE,Obstruction
42.01611461792287,-87.67266555628478,JARVIS,1700-1702 W JARVIS AVE,MissingCurbRamp
42.01015099412132,-87.6620659446884,SHERIDAN,7021-7035 N SHERIDAN RD,Obstruction
42.00114995640076,-87.66912207643368,BOSWORTH,6541 N BOSWORTH AVE,SurfaceProblem
42.00875936071267,-87.67595622376228,,-,MissingTactileStrip
42.022155302539865,-87.66882438749519,JUNEWAY,1515 W JUNEWAY TER,Obstruction
42.014955339509875,-87.68766301349314,OAKLEY,7328 N OAKLEY AVE,MissingCurbRamp
42.012399403288775,-87.68118089256714,TOUHY,2021 W TOUHY AVE,MissingCurbRamp
42.014320680541644,-87.6785361912989,WOLCOTT,7318 N WOLCOTT AVE,MissingTactileStrip
42.00795646827539,-87.6778692247521,MORSE,1852 W MORSE AVE,MissingCurbRamp
42.00518813867316,-87.67456708776537,PRATT,1739 W PRATT BLVD,MissingCurbRamp
42.01912008224837,-87.66926191544383,ROGERS,7544 N ROGERS AVE,Obstruction
42.0033823922674,-87.67423987438701,NORTH SHORE,1745 W NORTH SHORE AVE,MissingCurbRamp
42.007224481502874,-87.67017235033467,ASHLAND,6916 N ASHLAND BLVD,SurfaceProblem
42.01866352069529,-87.6843830055064,RIDGE,7533 N RIDGE BLVD,MissingTactileStrip
42.00791467923463,-87.68380956368755,HAMILTON,6953 N HAMILTON AVE,SurfaceProblem
42.00785588134692,-87.67610977550541,MORSE,1808 W MORSE AVE,MissingCurbRamp
42.00564519836342,-87.66200142896857,PRATT,1218 W PRATT BLVD,Obstruction
42.01212473951894,-87.68670692246903,TOUHY,2213 W TOUHY AVE,MissingCurbRamp
42.013927757958875,-87.68467597859284,HAMILTON,7257 N HAMILTON AVE,Obstruction
42.001240689636255,-87.66912482897817,BOSWORTH,6545 N BOSWORTH AVE,MissingCurbRamp
42.00022550094291,-87.68156642653831,SEELEY,6516 N SEELEY AVE,MissingTactileStrip
42.007909191292995,-87.67298431969144,MORSE,1716 W MORSE AVE,MissingCurbRamp
42.006680849067635,-87.65905741423994,,-,SurfaceProblem
42.01419625192209,-87.68927199483817,CHASE,2342 W CHASE AVE,Obstruction
41.999945603582454,-87.67912723395371,WINCHESTER,6504 N WINCHESTER AVE,SurfaceProblem
42.00273075694288,-87.67121015040907,WALLEN,1614 W WALLEN AVE,MissingTactileStrip
42.01258474379398,-87.67063067974127,TOUHY,1607 W TOUHY AVE,MissingTactileStrip
42.008825384759994,-87.67611893989007,LUNT,1807 W LUNT AVE,Obstruction
42.000162020975594,-87.66539940286985,ARTHUR,1355 W ARTHUR AVE,SurfaceProblem
42.02198867550259,-87.67294908861017,PAULINA,7725 N PAULINA ST,Obstruction
42.01138937412483,-87.66879967475091,ESTES,1519 W ESTES AVE,MissingCurbRamp
42.009263928032375,-87.66479167730034,LUNT,1326 W LUNT AVE,MissingCurbRamp
42.01758630953153,-87.67223519115288,ROGERS,7478 N ROGERS AVE,MissingTactileStrip
42.01864047925156,-87.6937492300305,JEROME,2528 W JEROME ST,Obstruction
42.01132362301172,-87.68829125423056,ESTES,2300 W ESTES AVE,MissingTactileStrip
41.99860871556541,-87.68516897114961,LEAVITT,6426 N LEAVITT ST,Obstruction
42.01723295048249,-87.66741681020937,FARGO,1452 W FARGO AVE,SurfaceProblem
42.00084270546689,-87.66668900860766,NEWGARD,6531 N NEWGARD AVE,MissingCurbRamp
41.99941973589362,-87.66447028678195,WAYNE,6442 N WAYNE AVE,MissingCurbRamp
42.00906374863069,-87.67637347157104,LUNT,1812 W LUNT AVE,MissingCurbRamp
42.01162238189807,-87.66943413246061,ESTES,1534 W ESTES AVE,SurfaceProblem
42.01041742355632,-87.66881114178081,GREENLEAF,1518 W GREENLEAF AVE,MissingTactileStrip
42.00301149102893,-87.67039064514385,ASHLAND,6643 N ASHLAND AVE,MissingCurbRamp
42.01475327487366,-87.67048553237537,ASHLAND,7326 N ASHLAND BLVD,Obstruction
42.01414053604991,-87.66826068338945,CHASE,1500 W CHASE AVE,MissingCurbRamp
42.005504158076654,-87.683696778599,PRATT,2084 W PRATT BLVD,Obstruction
42.001770639222144,-87.67386414344061,ALBION,1734 W ALBION AVE,MissingCurbRamp
42.00448228834465,-87.67443195895478,COLUMBIA,1744 W COLUMBIA AVE,MissingTactileStrip
42.019396545681296,-87.664204885532,EASTLAKE,7601 N EASTLAKE TER,MissingCurbRamp
42.001572377663685,-87.67352741040503,ALBION,1729 W ALBION AVE,MissingTactileStrip
42.01285717295645,-87.6690074429116,TOUHY,1520 W TOUHY AVE,MissingTactileStrip
42.01731544117735,-87.68033125339444,DAMEN,7415 N DAMEN AVE,Obstruction
42.019811959724144,-87.66600424889675,SHERIDAN,7619 N SHERIDAN RD,SurfaceProblem
42.00361054318933,-87.66315881711833,NORTH SHORE,1260 W NORTH SHORE AVE,MissingTactileStrip
42.00291416637964,-87.66581830429092,GLENWOOD,6638 N GLENWOOD AVE,MissingCurbRamp
42.0039236780592,-87.6658492180578,GLENWOOD,6712-6714 N GLENWOOD AVE,Obstruction
42.007279085161805,-87.68918593504753,MORSE,2328 W MORSE AVE,Obstruction
42.014902213464744,-87.67715383363344,HONORE,7338 N HONORE ST,SurfaceProblem
42.0071774287298,-87.68427065912049,MORSE,2107 W MORSE AVE,MissingCurbRamp
42.01141186483217,-87.66748812582448,ESTES,1437 W ESTES AVE,MissingTactileStrip
41.9993783850142,-87.67092460723251,CLARK,6443 N CLARK ST,MissingCurbRamp
42.01689407946052,-87.66796844524814,FARGO,1459-1467 W FARGO AVE,MissingCurbRamp
42.01298823323451,-87.67040288050504,TOUHY,1602 W TOUHY AVE,Obstruction
42.00724194130514,-87.66165434000729,,-,MissingTactileStrip
41.99791046126847,-87.68958279320576,WESTERN,6401 N WESTERN AVE,MissingCurbRamp
42.02102676057156,-87.66635407799156,SHERIDAN,7661 N SHERIDAN RD,MissingTactileStrip
42.01390806999886,-87.68130744148965,CHASE,2019 W CHASE AVE,SurfaceProblem
42.0180563298039,-87.66869902880734,BIRCHWOOD,1507-1511 W BIRCHWOOD AVE,SurfaceProblem
42.01569527803633,-87.68034342793048,DAMEN,7357 N DAMEN AVE,MissingCurbRamp
42.01608892400127,-87.68314012750923,HOYNE,7404 N HOYNE AVE,MissingCurbRamp
42.01297196334035,-87.68876252272628,CLAREMONT,7223 N CLAREMONT AVE,Obstruction
42.01707962364768,-87.66444850489029,FARGO,1337 W FARGO AVE,SurfaceProblem
42.01593362756983,-87.69001488250986,WESTERN,7405 N WESTERN AVE,MissingTactileStrip
42.0159488489602,-87.66544055495984,SHERIDAN,7370 N SHERIDAN RD,MissingCurbRamp
42.006349096240385,-87.67879942669413,FARWELL,1919 W FARWELL AVE,SurfaceProblem
42.006035440629326,-87.66352939212072,LAKEWOOD,6811-6819 N LAKEWOOD AVE,MissingTactileStrip
42.01877913794327,-87.67777478400917,WOLCOTT,7528 N WOLCOTT AVE,Obstruction
41.99784449999977,-87.6891385175787,DEVON,2342 W DEVON AVE,SurfaceProblem
42.007236766434325,-87.681434659101,MORSE,2003 W MORSE AVE,SurfaceProblem
42.001552728788035,-87.67463019024684,ALBION,1759 W ALBION AVE,SurfaceProblem
42.00998736673622,-87.67835085546268,WOLCOTT,7032 N WOLCOTT AVE,SurfaceProblem
42.01997805716494,-87.66605422004763,SHERIDAN,7625 N SHERIDAN RD,MissingTactileStrip
42.00428196700291,-87.67430565486804,COLUMBIA,1741 W COLUMBIA AVE,MissingTactileStrip
42.00510819062411,-87.67932305512458,PRATT,1935 W PRATT BLVD,SurfaceProblem
42.00107109197338,-87.66669635672505,NEWGARD,6539 N NEWGARD AVE,MissingTactileStrip
42.012416465250986,-87.68479709783159,HAMILTON,7203 N HAMILTON AVE,Obstruction
42.01637048896906,-87.69000985255214,WESTERN,7421 N WESTERN AVE,SurfaceProblem
41.998785066905256,-87.68882625850203,CLAREMONT,6434 N CLAREMONT AVE,Obstruction
42.00857060697664,-87.66627801690842,GLENWOOD,6964 N GLENWOOD AVE,Obstruction
42.01137866476475,-87.68592015965352,ESTES,2144 W ESTES AVE,MissingCurbRamp
42.00535696327502,-87.67888652518658,PRATT,1922 W PRATT BLVD,MissingCurbRamp
42.022352894215786,-87.66985305414072,JUNEWAY,1542 W JUNEWAY TER,Obstruction
42.00761114248783,-87.67620861096174,MORSE,1809 W MORSE AVE,MissingCurbRamp
42.01478839114784,-87.67112302965373,SHERWIN,1619 W SHERWIN AVE,MissingTactileStrip
41.99925027639666,-87.66202140173314,MAGNOLIA,6434 N MAGNOLIA AVE,MissingTactileStrip
42.01910990775231,-87.67750020429634,WOLCOTT,7541 N WOLCOTT AVE,MissingTactileStrip
42.013920385552,-87.68525411257876,HAMILTON,7250 N HAMILTON AVE,MissingCurbRamp
42.01178963366908,-87.68306712952318,RIDGE,7114 N RIDGE BLVD,SurfaceProblem
42.0068379928808,-87.66443853163979,FARWELL,1316 W FARWELL AVE,Obstruction
42.01246950024322,-87.67735957379098,TOUHY,1835 W TOUHY AVE,MissingTactileStrip
42.012825114361604,-87.67496599065898,CLARK,7200 N CLARK ST,SurfaceProblem
41.99800809602462,-87.67968510715801,DEVON,1972 W DEVON AVE,SurfaceProblem
42.01460894847484,-87.6840548885836,RIDGE,7318 N RIDGE BLVD,SurfaceProblem
42.011260682168185,-87.67623591881498,ESTES,1807 W ESTES AVE,MissingCurbRamp
42.00081737198953,-87.66695753568408,NEWGARD,6528 N NEWGARD AVE,Obstruction
42.003373437012264,-87.67411671497928,NORTH SHORE,1741 W NORTH SHORE AVE,Obstruction
41.9995422042064,-87.66297969274913,LAKEWOOD,6447 N LAKEWOOD AVE,Obstruction
42.0172530201198,-87.67751506507908,WOLCOTT,7419 N WOLCOTT AVE,MissingCurbRamp
42.01625309261461,-87.68764942564373,OAKLEY,7420 N OAKLEY AVE,MissingTactileStrip
42.011212147897105,-87.67888512271098,ESTES,1917 W ESTES AVE,MissingCurbRamp
42.01183773079349,-87.78518461419588,TOUHY,6319 W TOUHY AVE,Obstruction
41.943680717780445,-87.73607758383126,LOWELL,3434 N LOWELL AVE,SurfaceProblem
42.005680148812814,-87.69818266143004,FARWELL,2719 W FARWELL AVE,Obstruction
41.94686101320938,-87.7067460720019,ADDISON,3134 W ADDISON ST,Obstruction
41.99990477713827,-87.79908785654318,NEWARK,6499 N NEWARK AVE,SurfaceProblem
41.93567221516115,-87.71627290920455,ELBRIDGE,3029 N ELBRIDGE AVE,MissingTactileStrip
41.99418661200418,-87.7151855315131,BERNARD,6211 N BERNARD ST,Obstruction
